{
	"info": {
		"_postman_id": "f6dbc856-42b1-4ef8-960a-de6b1bcd945b",
		"name": "ngAbhar",
		"schema": "https://schema.getpostman.com/json/collection/v2.1.0/collection.json"
	},
	"item": [
		{
			"name": "Auth",
			"item": [
				{
					"name": "Login",
					"request": {
						"auth": {
							"type": "noauth"
						},
						"method": "POST",
						"header": [
							{
								"key": "Content-Type",
								"name": "Content-Type",
								"value": "application/x-www-form-urlencoded",
								"type": "text",
								"disabled": true
							}
						],
						"body": {
							"mode": "urlencoded",
							"urlencoded": [
								{
									"key": "email",
									"value": "admin@abharworks.com",
									"type": "text"
								},
								{
									"key": "password",
									"value": "123456",
									"type": "text"
								}
							]
						},
						"url": {
							"raw": "localhost:8000/auth/login",
							"host": [
								"localhost"
							],
							"port": "8000",
							"path": [
								"auth",
								"login"
							]
						}
					},
					"response": []
				},
				{
					"name": "register",
					"request": {
						"method": "POST",
						"header": [],
						"url": {
							"raw": "localhost:8000/auth/register?name=abhar&email=abc@abharworks.com&password=123456&role=user",
							"host": [
								"localhost"
							],
							"port": "8000",
							"path": [
								"auth",
								"register"
							],
							"query": [
								{
									"key": "name",
									"value": "abhar"
								},
								{
									"key": "email",
									"value": "abc@abharworks.com"
								},
								{
									"key": "password",
									"value": "123456"
								},
								{
									"key": "role",
									"value": "user"
								}
							]
						}
					},
					"response": []
				}
			],
			"protocolProfileBehavior": {}
		},
		{
			"name": "Posts",
			"item": [
				{
					"name": "posts-list",
					"request": {
						"auth": {
							"type": "bearer",
							"bearer": [
								{
									"key": "token",
									"value": "eyJhbGciOiJIUzI1NiIsInR5cCI6IkpXVCJ9.eyJlbWFpbCI6ImFkbWluQGFiaGFyd29ya3MuY29tIiwicGFzc3dvcmQiOiIxMjM0NTYiLCJpYXQiOjE1NzkzNzQ5ODcsImV4cCI6MTU3OTM3ODU4N30.3iFYO8PQ3WkSlLHz4FDiWnQufMPdBW_AcKe_1IlyEwM",
									"type": "string"
								}
							]
						},
						"method": "GET",
						"header": [],
						"url": {
							"raw": "http://localhost:8000/posts",
							"protocol": "http",
							"host": [
								"localhost"
							],
							"port": "8000",
							"path": [
								"posts"
							]
						}
					},
					"response": []
				},
				{
					"name": "Add post",
					"request": {
						"auth": {
							"type": "bearer",
							"bearer": [
								{
									"key": "token",
									"value": "eyJhbGciOiJIUzI1NiIsInR5cCI6IkpXVCJ9.eyJlbWFpbCI6InVzZXJAYWJoYXJ3b3Jrcy5jb20iLCJwYXNzd29yZCI6InVzZXIiLCJpYXQiOjE1NzkzNzQ0MTUsImV4cCI6MTU3OTM3ODAxNX0.jGkIVrxnWyVpA1JGjGc-t9HxisQ_BhNcJu5-YBXhWXk",
									"type": "string"
								}
							]
						},
						"method": "POST",
						"header": [],
						"body": {
							"mode": "urlencoded",
							"urlencoded": [
								{
									"key": "title",
									"value": "test 001",
									"type": "text"
								},
								{
									"key": "description",
									"value": "test desc 001",
									"type": "text"
								}
							]
						},
						"url": {
							"raw": "http://localhost:8000/posts",
							"protocol": "http",
							"host": [
								"localhost"
							],
							"port": "8000",
							"path": [
								"posts"
							]
						}
					},
					"response": []
				},
				{
					"name": "Update post",
					"request": {
						"auth": {
							"type": "bearer",
							"bearer": [
								{
									"key": "token",
									"value": "eyJhbGciOiJIUzI1NiIsInR5cCI6IkpXVCJ9.eyJlbWFpbCI6InVzZXJAYWJoYXJ3b3Jrcy5jb20iLCJwYXNzd29yZCI6InVzZXIiLCJpYXQiOjE1NzkzNzQ0MTUsImV4cCI6MTU3OTM3ODAxNX0.jGkIVrxnWyVpA1JGjGc-t9HxisQ_BhNcJu5-YBXhWXk",
									"type": "string"
								}
							]
						},
						"method": "PUT",
						"header": [],
						"body": {
							"mode": "urlencoded",
							"urlencoded": [
								{
									"key": "title",
									"value": "test 001 update",
									"type": "text"
								},
								{
									"key": "description",
									"value": "test desc 001 update",
									"type": "text"
								}
							]
						},
						"url": {
							"raw": "http://localhost:8000/posts/8",
							"protocol": "http",
							"host": [
								"localhost"
							],
							"port": "8000",
							"path": [
								"posts",
								"8"
							]
						}
					},
					"response": []
				},
				{
					"name": "Delete post",
					"request": {
						"auth": {
							"type": "bearer",
							"bearer": [
								{
									"key": "token",
									"value": "eyJhbGciOiJIUzI1NiIsInR5cCI6IkpXVCJ9.eyJlbWFpbCI6InVzZXJAYWJoYXJ3b3Jrcy5jb20iLCJwYXNzd29yZCI6InVzZXIiLCJpYXQiOjE1NzkzNzQ0MTUsImV4cCI6MTU3OTM3ODAxNX0.jGkIVrxnWyVpA1JGjGc-t9HxisQ_BhNcJu5-YBXhWXk",
									"type": "string"
								}
							]
						},
						"method": "DELETE",
						"header": [],
						"body": {
							"mode": "urlencoded",
							"urlencoded": []
						},
						"url": {
							"raw": "http://localhost:8000/posts/9",
							"protocol": "http",
							"host": [
								"localhost"
							],
							"port": "8000",
							"path": [
								"posts",
								"9"
							]
						}
					},
					"response": []
				}
			],
			"protocolProfileBehavior": {}
		},
		{
			"name": "Notes",
			"item": [
				{
					"name": "notes-list",
					"request": {
						"auth": {
							"type": "bearer",
							"bearer": [
								{
									"key": "token",
									"value": "eyJhbGciOiJIUzI1NiIsInR5cCI6IkpXVCJ9.eyJlbWFpbCI6InVzZXJAYWJoYXJ3b3Jrcy5jb20iLCJwYXNzd29yZCI6InVzZXIiLCJpYXQiOjE1ODA3MjM5MDksImV4cCI6MTU4MDcyNzUwOX0.Yd1YjD2BBB0J3Eg3PgAUEnRXtQCKlEJe3A4HFut9RnI",
									"type": "string"
								}
							]
						},
						"method": "GET",
						"header": [],
						"url": {
							"raw": "http://localhost:8000/notes",
							"protocol": "http",
							"host": [
								"localhost"
							],
							"port": "8000",
							"path": [
								"notes"
							]
						}
					},
					"response": []
				},
				{
					"name": "Add note",
					"request": {
						"auth": {
							"type": "bearer",
							"bearer": [
								{
									"key": "token",
									"value": "eyJhbGciOiJIUzI1NiIsInR5cCI6IkpXVCJ9.eyJlbWFpbCI6InVzZXJAYWJoYXJ3b3Jrcy5jb20iLCJwYXNzd29yZCI6InVzZXIiLCJpYXQiOjE1NzkzNzQ0MTUsImV4cCI6MTU3OTM3ODAxNX0.jGkIVrxnWyVpA1JGjGc-t9HxisQ_BhNcJu5-YBXhWXk",
									"type": "string"
								}
							]
						},
						"method": "POST",
						"header": [],
						"body": {
							"mode": "urlencoded",
							"urlencoded": [
								{
									"key": "title",
									"value": "test 001",
									"type": "text"
								},
								{
									"key": "description",
									"value": "test desc 001",
									"type": "text"
								}
							]
						},
						"url": {
							"raw": "http://localhost:8000/notes",
							"protocol": "http",
							"host": [
								"localhost"
							],
							"port": "8000",
							"path": [
								"notes"
							]
						}
					},
					"response": []
				},
				{
					"name": "Update note",
					"request": {
						"auth": {
							"type": "bearer",
							"bearer": [
								{
									"key": "token",
									"value": "eyJhbGciOiJIUzI1NiIsInR5cCI6IkpXVCJ9.eyJlbWFpbCI6InVzZXJAYWJoYXJ3b3Jrcy5jb20iLCJwYXNzd29yZCI6InVzZXIiLCJpYXQiOjE1NzkzNzQ0MTUsImV4cCI6MTU3OTM3ODAxNX0.jGkIVrxnWyVpA1JGjGc-t9HxisQ_BhNcJu5-YBXhWXk",
									"type": "string"
								}
							]
						},
						"method": "PUT",
						"header": [],
						"body": {
							"mode": "urlencoded",
							"urlencoded": [
								{
									"key": "title",
									"value": "test 001 update",
									"type": "text"
								},
								{
									"key": "description",
									"value": "test desc 001 update",
									"type": "text"
								}
							]
						},
						"url": {
							"raw": "http://localhost:8000/notes/8",
							"protocol": "http",
							"host": [
								"localhost"
							],
							"port": "8000",
							"path": [
								"notes",
								"8"
							]
						}
					},
					"response": []
				},
				{
					"name": "Delete note",
					"request": {
						"auth": {
							"type": "bearer",
							"bearer": [
								{
									"key": "token",
									"value": "eyJhbGciOiJIUzI1NiIsInR5cCI6IkpXVCJ9.eyJlbWFpbCI6InVzZXJAYWJoYXJ3b3Jrcy5jb20iLCJwYXNzd29yZCI6InVzZXIiLCJpYXQiOjE1NzkzNzQ0MTUsImV4cCI6MTU3OTM3ODAxNX0.jGkIVrxnWyVpA1JGjGc-t9HxisQ_BhNcJu5-YBXhWXk",
									"type": "string"
								}
							]
						},
						"method": "DELETE",
						"header": [],
						"body": {
							"mode": "urlencoded",
							"urlencoded": []
						},
						"url": {
							"raw": "http://localhost:8000/notes/9",
							"protocol": "http",
							"host": [
								"localhost"
							],
							"port": "8000",
							"path": [
								"notes",
								"9"
							]
						}
					},
					"response": []
				}
			],
			"protocolProfileBehavior": {}
		}
	],
	"protocolProfileBehavior": {}
}